{
    "variants": {
        "ars_elemental:textures/entities/mermaid.png": "outlined_sprite:ars_elemental/mermaid.png",
        "ars_elemental:textures/entities/mermaid_brain.png": "outlined_sprite:ars_elemental/mermaid_brain.png",
        "ars_elemental:textures/entities/mermaid_bubble.png": "outlined_sprite:ars_elemental/mermaid_bubble.png",
        "ars_elemental:textures/entities/mermaid_fire.png": "outlined_sprite:ars_elemental/mermaid_fire.png",
        "ars_elemental:textures/entities/mermaid_horn.png": "outlined_sprite:ars_elemental/mermaid_horn.png",
        "ars_elemental:textures/entities/mermaid_kelp.png": "outlined_sprite:ars_elemental/mermaid_kelp.png",
        "ars_elemental:textures/entities/mermaid_tube.png": "outlined_sprite:ars_elemental/mermaid_tube.png",
        "layersAllowed": true
    }
}