{
    "variants": {
        "alexscaves:textures/entities/vallumraptor.png": "outlined_sprite:alexscaves/vallumraptor/vallumraptor.png",
        "alexscaves:textures/entities/vallumraptor_alan.png": "outlined_sprite:alexscaves/vallumraptor/vallumraptor_alan.png",
        "alexscaves:textures/entities/vallumraptor_alan_elder.png": "outlined_sprite:alexscaves/vallumraptor/vallumraptor_alan_elder.png",
        "alexscaves:textures/entities/vallumraptor_elder.png": "outlined_sprite:alexscaves/vallumraptor/vallumraptor_elder.png",
        "alexscaves:textures/entities/vallumraptor_retro.png": "outlined_sprite:alexscaves/vallumraptor/vallumraptor_retro.png",
        "alexscaves:textures/entities/vallumraptor_retro_elder.png": "outlined_sprite:alexscaves/vallumraptor/vallumraptor_retro_elder.png",
        "layersAllowed": true
    }
}