{
    "variants": {
        "creeperoverhaul:textures/entities/ocean/brown_1.png":"outlined_sprite:creeperoverhaul/ocean_creeper/brown.png",
        "creeperoverhaul:textures/entities/ocean/brown_2.png":"outlined_sprite:creeperoverhaul/ocean_creeper/brown.png",
        "creeperoverhaul:textures/entities/ocean/brown_3.png":"outlined_sprite:creeperoverhaul/ocean_creeper/brown.png",
        "creeperoverhaul:textures/entities/ocean/teal_1.png":"outlined_sprite:creeperoverhaul/ocean_creeper/teal.png",
        "creeperoverhaul:textures/entities/ocean/teal_2.png":"outlined_sprite:creeperoverhaul/ocean_creeper/teal.png",
        "creeperoverhaul:textures/entities/ocean/teal_3.png":"outlined_sprite:creeperoverhaul/ocean_creeper/teal.png"

    }
  }