{
	"credit": "Made with Blockbench",
	"texture_size": [32, 32],
	"textures": {
		"4": "irons_spellbooks:item/3d/3d_gold_spell_book"
	},
	"elements": [
		{
			"name": "book cover",
			"from": [10, 0, 5],
			"to": [10.2, 10, 11],
			"faces": {
				"north": {"uv": [3, 10, 3.25, 15], "texture": "#4"},
				"east": {"uv": [0, 0, 3, 5], "texture": "#4"},
				"south": {"uv": [3.5, 10, 3.75, 15], "texture": "#4"},
				"west": {"uv": [3, 0, 6, 5], "texture": "#4"},
				"up": {"uv": [5.75, 13, 5.5, 10], "texture": "#4"},
				"down": {"uv": [5.75, 10, 5.5, 13], "texture": "#4"}
			}
		},
		{
			"name": "book cover",
			"from": [8, 0, 5],
			"to": [8.2, 10, 11],
			"faces": {
				"north": {"uv": [3, 10, 3.25, 15], "texture": "#4"},
				"east": {"uv": [3, 0, 6, 5], "texture": "#4"},
				"south": {"uv": [3.5, 10, 3.75, 15], "texture": "#4"},
				"west": {"uv": [0, 5, 3, 10], "texture": "#4"},
				"up": {"uv": [5.75, 13, 5.5, 10], "texture": "#4"},
				"down": {"uv": [5.5, 10, 5.75, 13], "texture": "#4"}
			}
		},
		{
			"name": "mid",
			"from": [8.2, 0, 5],
			"to": [10, 10, 5.3],
			"faces": {
				"north": {"uv": [9, 5, 10, 10], "texture": "#4"},
				"east": {"uv": [10, 5, 10.25, 10], "texture": "#4"},
				"south": {"uv": [9, 5, 10, 10], "texture": "#4"},
				"west": {"uv": [10, 5, 10.25, 10], "texture": "#4"},
				"up": {"uv": [11.5, 6.25, 10.5, 6], "texture": "#4"},
				"down": {"uv": [11.5, 6, 10.5, 6.25], "texture": "#4"}
			}
		},
		{
			"name": "paper",
			"from": [8.2, 0.2, 5.3],
			"to": [10, 9.8, 10.8],
			"faces": {
				"north": {"uv": [10, 0, 11, 4.75], "texture": "#4"},
				"east": {"uv": [6, 0, 8.75, 4.75], "texture": "#4"},
				"south": {"uv": [10, 0, 11, 4.75], "texture": "#4"},
				"west": {"uv": [6, 0, 8.75, 4.75], "texture": "#4"},
				"up": {"uv": [10, 2.75, 9, 0], "texture": "#4"},
				"down": {"uv": [10, 0, 9, 2.75], "texture": "#4"}
			}
		}
	],
	"display": {
		"thirdperson_righthand": {
			"rotation": [0, -180, 0],
			"translation": [1.25, 1.25, -0.75]
		},
		"thirdperson_lefthand": {
			"rotation": [0, 180, 0],
			"translation": [-1.25, 1.25, -0.75]
		},
		"firstperson_righthand": {
			"rotation": [0, 40, 0],
			"translation": [0, 5, 0]
		},
		"firstperson_lefthand": {
			"rotation": [0, 40, 0],
			"translation": [0, 5, 0]
		},
		"ground": {
			"rotation": [85, -50, 85],
			"translation": [0, 4, 0]
		},
		"gui": {
			"rotation": [90, -130, 90],
			"translation": [2.5, 3, 0],
			"scale": [1.2, 1.2, 1.2]
		},
		"head": {
			"rotation": [90, 90, 90],
			"translation": [0.25, 8.5, -1.5]
		},
		"fixed": {
			"rotation": [90, 0, 0],
			"translation": [-1.75, -3.5, 4.25],
			"scale": [1.2, 1.2, 1.2]
		}
	}
}