{
    "variants": {
	"divinerpg:textures/entities/aequorea_blue.png" : "outlined_sprite:divinerpg/aequorea/blue.png",
    "divinerpg:textures/entities/aequorea_green.png" : "outlined_sprite:divinerpg/aequorea/green.png",
    "divinerpg:textures/entities/aequorea_pink.png" : "outlined_sprite:divinerpg/aequorea/pink.png",
    "divinerpg:textures/entities/aequorea_purple.png" : "outlined_sprite:divinerpg/aequorea/purple.png",
    "divinerpg:textures/entities/aequorea_red.png" : "outlined_sprite:divinerpg/aequorea/red.png",
    "divinerpg:textures/entities/aequorea_yellow.png" : "outlined_sprite:divinerpg/aequorea/yellow.png",
	"layersAllowed": true
    }
}