{
    "variants": {
	"divinerpg:textures/entities/ayeraco_blue.png" : "outlined_sprite:divinerpg/ayeraco/ayeraco_blue.png",
	"divinerpg:textures/entities/ayeraco_green.png" : "outlined_sprite:divinerpg/ayeraco/ayeraco_green.png",
    "divinerpg:textures/entities/ayeraco_pink.png" : "outlined_sprite:divinerpg/ayeraco/ayeraco_pink.png",
    "divinerpg:textures/entities/ayeraco_purple.png" : "outlined_sprite:divinerpg/ayeraco/ayeraco_purple.png",
    "divinerpg:textures/entities/ayeraco_red.png" : "outlined_sprite:divinerpg/ayeraco/ayeraco_red.png",
    "divinerpg:textures/entities/ayeraco_white.png" : "outlined_sprite:divinerpg/ayeraco/ayeraco_white.png",
    "divinerpg:textures/entities/ayeraco_yellow.png" : "outlined_sprite:divinerpg/ayeraco/ayeraco_yellow.png",
	"layersAllowed": true
    }
}