{
    "variants": {
		"bewitchment:textures/entities/living/snake/0.png" : "outlined_sprite:bewitchment/snake/0.png",
		"bewitchment:textures/entities/living/snake/1.png" : "outlined_sprite:bewitchment/snake/1.png",
		"bewitchment:textures/entities/living/snake/2.png" : "outlined_sprite:bewitchment/snake/2.png",
		"bewitchment:textures/entities/living/snake/3.png" : "outlined_sprite:bewitchment/snake/3.png",
		"bewitchment:textures/entities/living/snake/4.png" : "outlined_sprite:bewitchment/snake/4.png",
	"layersAllowed": true
    }
}