{
    "variants": {
		"bewitchment:textures/entities/living/toad/0.png" : "outlined_sprite:bewitchment/toad/0.png",
		"bewitchment:textures/entities/living/toad/1.png" : "outlined_sprite:bewitchment/toad/1.png",
		"bewitchment:textures/entities/living/toad/2.png" : "outlined_sprite:bewitchment/toad/2.png",
		"bewitchment:textures/entities/living/toad/3.png" : "outlined_sprite:bewitchment/toad/3.png",
		"bewitchment:textures/entities/living/toad/4.png" : "outlined_sprite:bewitchment/toad/4.png",
	"layersAllowed": true
    }
}